,value,value,value,value,value
,mean,std,count,min,max
category,,,,,
A,11.5,1.2909944487358056,4,10,13
B,15.666666666666666,2.0816659994661326,3,14,18
C,27.666666666666668,2.516611478423583,3,25,30
